product_id,qty,revenue,avg_price,share,predicted_qty_30d,predicted_revenue_30d
a92930c327948861c015c919a0bcb4a8,107,8341.0,77.95327102803738,0.005049075122687807,23.566742819342572,1837.1046902442652
19c91ef95d509ea33eda93495c4d3481,106,13036.939999999999,122.98999999999998,0.005001887504718762,23.346492886451518,2871.3851601046717
e7cc48a9daff5436f63d3aad9426f28b,89,15536.0,174.56179775280899,0.004199697999244998,19.602244027303634,3421.802957395385
3fbc0ef745950c7932d5f2a446189725,81,5426.19,66.99,0.0038221970554926385,17.840244564175215,1195.1179833540975
2fea0f2cec6b6324a277d4a61c2ed2c6,58,3199.0,55.1551724137931,0.0027368818422046056,12.77449610768102,704.5795353184756
fbce4c4cb307679d89a3bf3d3bb353b9,57,8133.0,142.68421052631578,0.0026896942242355605,12.554246174789967,1791.2927042029262
bb50f2e236e5eea0100680137654686c,57,18810.0,330.0,0.0026896942242355605,12.554246174789967,4142.901237680689
d04857e7b4b708ee8b8b9921163edba3,54,3900.4599999999996,72.23074074074073,0.002548131370328426,11.893496376116811,859.0760532442328
73326828aa5efe1ba096223de496f596,53,4379.02,82.62301886792454,0.002500943752359381,11.673246443225759,964.478861128575
d285360f29ac7fd97640bf0baef03de0,51,9090.67,178.24843137254902,0.002406568516421291,11.232746577443656,2002.2194574347004
4fe644d766c7566dbc46fb851363cb3b,48,4378.889999999999,91.22687499999999,0.0022650056625141564,10.5719967787705,964.4502286372989
18b0e642cbae7251e60a64aa07dd9eb9,47,1062.2,22.6,0.0022178180445451114,10.351746845879447,233.94947871687552
d1c427060a0f73f6b889a5c7c61f2ac4,46,5366.57,116.6645652173913,0.0021706304265760664,10.131496912988394,1181.986682355133
89321f94e35fc6d7903d36f74e351d40,46,1327.01,28.84804347826087,0.0021706304265760664,10.131496912988394,292.273863445755
3dd2a17168ec895c781a9191c1e95ad7,45,6745.5,149.9,0.0021234428086070213,9.911246980097342,1485.6959223165916
a62e25e09e05e6faf31d90c6ec1aa3d1,43,4515.0,105.0,0.0020290675726689317,9.47074711431524,994.4284470031001
99a4788cb24856965c36a24e339b6058,40,3137.0,78.425,0.001887504718761797,8.809997315642082,690.9240394792303
d017a2151d543a9885604dc62a3d9dcc,39,1911.0,49.0,0.001840317100792752,8.58974738275103,420.89762175480047
2ff995aead9c63a1f37a07b3664ead37,39,2863.6699999999996,73.42743589743588,0.001840317100792752,8.58974738275103,630.7231253221189
054515fd15bc1a2029f10de97ffa9120,38,1634.0,43.0,0.001793129482823707,8.369497449859978,359.88839034397904
e0cf79767c5b016251fe139915c59a26,38,1136.2,29.900000000000002,0.001793129482823707,8.369497449859978,250.24797375081334
b532349fe46b38fbc7bb3914c1bdae07,37,1295.0,35.0,0.001745941864854662,8.149247516968925,285.22366309391236
4298b7e67dc399c200662b569563a2b2,36,4436.9800000000005,123.24944444444446,0.0016987542468856172,7.928997584077874,977.2445472389403
595fac2a385ac33a80bd5114aec74eb8,36,4249.400000000001,118.0388888888889,0.0016987542468856172,7.928997584077874,935.9300648272367
1613b819ab5dae53aead2dbb4ebdb378,36,1019.9399999999999,28.331666666666663,0.0016987542468856172,7.928997584077874,224.6417165528996
7564c1759c04fc0a38f2aa84f7a370ee,36,1604.06,44.55722222222222,0.0016987542468856172,7.928997584077874,353.29410735322097
fbc1488c1a1e72ba175f53ab29a248e8,35,4136.99,118.19971428571428,0.0016515666289165724,7.7087476511868225,911.1717698709534
634256dbcd184b3757ffd7632c9fe52a,34,887.1899999999999,26.093823529411765,0.0016043790109475274,7.48849771829577,195.40353796161247
78efe838c04bbc568be034082200ac20,33,2853.0,86.45454545454545,0.0015571913929784825,7.268247785404719,628.3730585381716
69455f41626a745aea9ee9164cb9eafd,32,4513.8,141.05625,0.0015100037750094375,7.0479978525136655,994.1641470836307
41c24b8ce92d1a2cac62db5edfd088b2,32,3259.8,101.86875,0.0015100037750094375,7.0479978525136655,717.9707312382515
b192be433004cc1f10b467c0e9ea309b,32,5950.400000000001,185.95000000000002,0.0015100037750094375,7.0479978525136655,1310.5752006749162
703d742887bb9267f89b675608ba7aa0,31,1739.1000000000001,56.1,0.0014628161570403927,6.827747919622614,383.03665829082865
bd6e6fce9ada76ea2db0f1912e8e478f,31,1766.69,56.99,0.0014628161570403927,6.827747919622614,389.1133539392928
928e52a9ad53a294fdcc91bcf59d1751,30,4200.0,140.0,0.0014156285390713476,6.607497986731562,925.0497181424187
2b4609f8948be18874494203496bc318,30,2419.52,80.65066666666667,0.0014156285390713476,6.607497986731562,532.8991176285583
389d119b48cf3043d311335e499d9c6b,30,1497.0,49.9,0.0014156285390713476,6.607497986731562,329.7141495379049
6cdd53843498f92890544667809f1595,29,10556.0,364.0,0.0013684409211023028,6.38724805384051,2324.958291597946
e0d64dcfaa3b6db5c54ca298ae101d05,29,4109.26,141.69862068965517,0.0013684409211023028,6.38724805384051,905.0642392318847
6f3b5b605d91b7439c5e3f5a8dffeea7,28,4395.3,156.975,0.0013212533031332577,6.166998120949457,968.064530036041
57f2bc497c1a3ebe41ba7a06d78ed159,27,1484.0,54.96296296296296,0.001274065685164213,5.946748188058406,326.85090041032123
145978af3e89b318be0b717a0953649a,26,539.8,20.76153846153846,0.001226878067195168,5.726498255167354,118.8909137745899
060c17562f97e5bb60bc0dfa4dd5b3f2,26,649.74,24.990000000000002,0.001226878067195168,5.726498255167354,143.1051913966322
5d6bea33648f018dbb563f3a2fab09f3,25,3759.8,150.392,0.001179690449226123,5.506248322276301,828.0956976837774
bdcf6a834e8faa30dac3886c7a58e92e,25,941.5,37.66,0.001179690449226123,5.506248322276301,207.36531181692547
a59fb60fddcc72a9878b7ed5cb69d8e4,25,372.5,14.9,0.001179690449226123,5.506248322276301,82.04310000191688
3354a4e684f5e7199f9407db70ccd92b,25,2209.75,88.39,0.001179690449226123,5.506248322276301,486.69728920600227
c3ba4e8d3cb30049213b682e751e9d00,25,2371.0,94.84,0.001179690449226123,5.506248322276301,522.2125908846845
2bd9b51a9ab079e095aca987845d3266,25,1929.0,77.16,0.001179690449226123,5.506248322276301,424.8621205468394
52c80cedd4e90108bf4fa6a206ef6b03,25,3675.0,147.0,0.001179690449226123,5.506248322276301,809.4185033746162
810e2944bca9850b934e1570ba372e7d,24,1872.0,78.0,0.0011325028312570782,5.28599838938525,412.30787437204947
368c6c730842d78016ad823897a372db,24,1197.6,49.9,0.0011325028312570782,5.28599838938525,263.77131963032394
422879e10f46682990de24d770e7f83d,24,1197.72,49.905,0.0011325028312570782,5.28599838938525,263.7977496222709
af2d506fb01b724e03591349ad36b67e,24,1173.6,48.9,0.0011325028312570782,5.28599838938525,258.4853212409387
53759a2ecddad2bb87a079a1f1519f73,24,1197.6,49.9,0.0011325028312570782,5.28599838938525,263.77131963032394
437c05a395e9e47f9762e677a7068ce7,24,1215.25,50.635416666666664,0.0011325028312570782,5.28599838938525,267.658730945851
64b4f32393cbf55be791078e7a2adca0,24,3155.8,131.49166666666667,0.0011325028312570782,5.28599838938525,695.0647382175822
a39cc58c1b5926b6f9f378daa89f1315,24,3609.8,150.40833333333333,0.0011325028312570782,5.28599838938525,795.0582077501198
7f72a8900b3d2fc8fa2635b7836d6e6e,23,1501.87,65.2986956521739,0.0010853152132880332,5.065748456494197,330.7867667110843
24c66f106f642621e524291a895c9032,23,4627.7,201.20434782608694,0.0010853152132880332,5.065748456494197,1019.2506144399215
500870614ddcf5bd84f7d26861026c8a,22,278.48,12.658181818181818,0.0010381275953189883,4.845498523603146,61.335201311500185
d2f5484cbffe4ca766301b21ab9246dd,22,283.36,12.88,0.0010381275953189883,4.845498523603146,62.41002098400852
eb8c629f70275fd1c4f809116cce1efc,22,821.0,37.31818181818182,0.0010381275953189883,4.845498523603146,180.82519490355378
8b50a72d52d7a91fb19d19fbe069e2f2,22,1039.78,47.26272727272727,0.0010381275953189883,4.845498523603146,229.0114752214581
73bcea88583002fe12b7399af4ae60da,22,2619.0,119.04545454545455,0.0010381275953189883,4.845498523603146,576.8345742416655
84f456958365164420cfc80fbe4c7fab,22,1867.8000000000002,84.9,0.0010381275953189883,4.845498523603146,411.3828246539071
781afe929e3016a667f5f439afd55fce,21,2266.9,107.94761904761906,0.0009909399773499433,4.625248590712093,499.28457287072587
53b36df67ebb7c41585e8d54d6772e08,21,2485.0,118.33333333333333,0.0009909399773499433,4.625248590712093,547.3210832342643
5403528d987ad26e8d7cb25940411987,21,1026.0,48.857142857142854,0.0009909399773499433,4.625248590712093,225.97643114621937
c50ca07e9e4db9ea5011f06802c0aea0,21,362.28999999999996,17.25190476190476,0.0009909399773499433,4.625248590712093,79.79434818709923
06edb72f1e0c64b14c5b79353f7abea3,21,833.7900000000001,39.70428571428572,0.0009909399773499433,4.625248590712093,183.64219154523028
216bb0e0cd43ffd832e0973d35e0377e,21,961.0,45.76190476190476,0.0009909399773499433,4.625248590712093,211.660185508301
e7d5464b94c9a5963f7c686fc80145ad,20,2748.9,137.445,0.0009437523593808985,4.404998657821041,605.445040524213
656e0eca68dcecf6a31b8ececfabe3e8,20,1373.68,68.684,0.0009437523593808985,4.404998657821041,302.5529278137804
c20a3f598c16d77249da67e81caa8317,20,640.0,32.0,0.0009437523593808985,4.404998657821041,140.95995705027332
9fe172fa8e662ca8572cf12abf8bce23,20,998.0,49.9,0.0009437523593808985,4.404998657821041,219.80943302526995
7814c273ab16783d73a9863ebfa8b141,20,4600.0,230.0,0.0009437523593808985,4.404998657821041,1013.1496912988395
990d135e28e075648cb7d83198fdccf4,19,1546.62,81.40105263157893,0.0008965647414118535,4.184748724929989,340.64295120795884
349ce46a0e2e20054aa9d80c48af8816,19,3249.8100000000004,171.04263157894738,0.0008965647414118535,4.184748724929989,715.7704344086699
31b8e7c2a22f3dba5183cc110bdd72f7,19,3729.4,196.2842105263158,0.0008965647414118535,4.184748724929989,821.4000997238895
c4baedd846ed09b85f78a781b522f126,19,1829.81,96.30578947368421,0.0008965647414118535,4.184748724929989,403.01552970337593
e53e557d5a159f5aa2c5e995dfdf244b,19,1490.1000000000001,78.42631578947369,0.0008965647414118535,4.184748724929989,328.1944250009567
1600dcf1cea8c0c83702e07b577ab231,18,791.0,43.94444444444444,0.0008493771234428086,3.964498792038937,174.21769691682218
177d3d5bb9d4d29222a222e3b3554f41,18,2051.3,113.96111111111112,0.0008493771234428086,3.964498792038937,451.7986873394151
fe077ec80df6b4ee60bb4498d5ab1962,18,2430.0,135.0,0.0008493771234428086,3.964498792038937,535.2073369252565
3cb39171fd36c50097f2dedbbe0dfe6e,18,553.62,30.756666666666668,0.0008493771234428086,3.964498792038937,121.93476784714424
a02d0123079f4ae96001ba2010d1a2df,18,4112.0,228.44444444444446,0.0008493771234428086,3.964498792038937,905.6677240480061
0152f69b6cf919bcdaf117aa8c43e5a2,18,322.2,17.9,0.0008493771234428086,3.964498792038937,70.96452837749696
f889fb87b505b73de10c18b93352469f,18,1985.7599999999998,110.32,0.0008493771234428086,3.964498792038937,437.3635067377355
ab1f9387c0627dd24000bfbc54fdeee0,18,265.39,14.743888888888888,0.0008493771234428086,3.964498792038937,58.4521296899563
64fb265487de2238627ce43fe8a67efc,18,1438.2,79.9,0.0008493771234428086,3.964498792038937,316.76345348391106
0bcc3eeca39e1064258aa1e932269894,18,898.1999999999999,49.9,0.0008493771234428086,3.964498792038937,197.82848972274294
2f13d1dc8b4e1d9d8027be50339546a9,18,1890.0,105.0,0.0008493771234428086,3.964498792038937,416.2723731640884
91c82ace62e0ca1b69b1a45bcc214b45,17,2919.63,171.7429411764706,0.0008021895054737637,3.744248859147885,643.0483115667024
f8b624d4e475bb8d1bddf1b65c6a64f6,17,3043.0,179.0,0.0008021895054737637,3.744248859147885,670.2205457874715
cf857bce01d442bb8631a548a4432def,17,2528.87,148.7570588235294,0.0008021895054737637,3.744248859147885,556.9834477901948
5c2bb11cf2149bd4d9fffcc1246458c3,17,1631.3000000000002,95.95882352941177,0.0008021895054737637,3.744248859147885,359.29371552517324
aa8d88eb4b9cb38894e33fa624c4287f,17,932.0,54.8235294117647,0.0008021895054737637,3.744248859147885,205.2729374544605
bb42f37fc3d9130e4a4339d24a47dd7c,17,763.3,44.9,0.0008021895054737637,3.744248859147885,168.11677377574003
027cdd14a677a5834bc67a9789db5021,17,1140.0,67.05882352941177,0.0008021895054737637,3.744248859147885,251.08492349579936
e59dd207c69d86e890febadc796d1078,17,2166.79,127.45823529411764,0.0008021895054737637,3.744248859147885,477.2353520890027
35afc973633aaeb6b877ff57b2793310,17,1338.4,78.72941176470589,0.0008021895054737637,3.744248859147885,294.7825101813841
8c591ab0ca519558779df02023177f44,17,1669.83,98.22529411764705,0.0008021895054737637,3.744248859147885,367.77994543946545
fc13bac52be6640d9a77f54894e2c0e6,16,464.5,29.03125,0.0007550018875047187,3.5239989262568328,102.30609382789368
b0c8da302d49498d2ce6be8c631e4e20,16,825.4,51.5875,0.0007550018875047187,3.5239989262568328,181.79429460827436
0e2d365a247d105fefc31b17ab8706d9,16,2021.8999999999999,126.36874999999999,0.0007550018875047187,3.5239989262568328,445.3233393124181
1bfb290d7273a442c874dbe74b4abae6,16,1119.84,69.99,0.0007550018875047187,3.5239989262568328,246.6446848487157
ddceb6eef6af67e9fbbd4c148dbe5fd9,16,3359.84,209.99,0.0007550018875047187,3.5239989262568328,740.0045345246723
ca5c923962558430573f83661dbe36d6,16,1680.0,105.0,0.0007550018875047187,3.5239989262568328,370.0198872569674
cec09725da5ed01471d9a505e7389d37,16,1118.4,69.9,0.0007550018875047187,3.5239989262568328,246.32752494535262
d3e1006ba3735c0d44160026b6e0ced3,16,1742.4,108.9,0.0007550018875047187,3.5239989262568328,383.7634830693691
afeeea6271148ee1bb15173b8187c431,16,3624.0,226.5,0.0007550018875047187,3.5239989262568328,798.1857567971726
c10a7001e8b49dfc03817444b5f2ed81,16,2079.84,129.99,0.0007550018875047187,3.5239989262568328,458.0846204241257
41db6d8062fcd38410c699743ccc0265,16,210.34,13.14625,0.0007550018875047187,3.5239989262568328,46.32737088430389
ee0c1cf2fbeae95205b4aa506f1469f0,16,719.84,44.99,0.0007550018875047187,3.5239989262568328,158.54471169229492
55782cb82e0efe052da0a3da237da3b2,16,2670.4,166.9,0.0007550018875047187,3.5239989262568328,588.1554207922654
57e089e3103f5cda6a4ce23b77399bdb,16,780.4,48.775,0.0007550018875047187,3.5239989262568328,171.88304762817702
abc3432ff825d8e524db1d4eac6d2099,16,639.6600000000001,39.978750000000005,0.0007550018875047187,3.5239989262568328,140.88507207309038
a19b6951c75da43aad691622dd2f6abe,16,560.0,35.0,0.0007550018875047187,3.5239989262568328,123.33996241898915
b84520a57891e7a8ae2c68741dcc7146,16,720.0,45.0,0.0007550018875047187,3.5239989262568328,158.57995168155747
a8075470f960215ffb67624782f80fec,15,1685.0,112.33333333333333,0.0007078142695356738,3.303748993365781,371.1211369214227
0c71252f37443403376d2008034a7240,15,1631.6699999999998,108.77799999999999,0.0007078142695356738,3.303748993365781,359.37520800034287
97017430754804328eb9597b7f85da03,15,449.84999999999997,29.99,0.0007078142695356738,3.303748993365781,99.07943231103977
cebff45f1d1558430be0e07ac0df6a68,14,1342.6000000000001,95.9,0.0006606266515666289,3.0834990604747285,295.7075598995265
593236d0ff46b4299b4787fb8d43f7f0,14,966.0,69.0,0.0006606266515666289,3.0834990604747285,212.76143517275628
ffa7e0cbe11656d11a117b534bb1db27,14,233.85999999999999,16.704285714285714,0.0006606266515666289,3.0834990604747285,51.50764930590143
121f7f44c9e25be4873ca9296542ebd3,14,967.0,69.07142857142857,0.0006606266515666289,3.0834990604747285,212.98168510564733
e06f99e79036d681effa3de75989bf22,14,826.0,59.0,0.0006606266515666289,3.0834990604747285,181.92644456800898
c589625c8ccc7bfd2e8f1fb041e24c4a,14,1544.48,110.32000000000001,0.0006606266515666289,3.0834990604747285,340.1716163515721
4178e16324fd0c9a8e18463caf390cc6,14,3710.0,265.0,0.0006606266515666289,3.0834990604747285,817.127251025803
62f423e57a8c157d3877ee5867d7db88,14,2418.6,172.75714285714284,0.0006606266515666289,3.0834990604747285,532.6964876902985
e85d91619b497e98754390b6198a9818,14,1888.6000000000001,134.9,0.0006606266515666289,3.0834990604747285,415.9640232580409
f8077831f3c3f393fb67b93c5acd8daf,14,1118.6000000000001,79.9,0.0006606266515666289,3.0834990604747285,246.37157493193084
70aa499facb0946dc40ff974166fd522,14,1806.8600000000001,129.0614285714286,0.0006606266515666289,3.0834990604747285,397.9607937435264
727a46f0b58a9ef165af9f7ebcfebfa9,14,273.67999999999995,19.548571428571424,0.0006606266515666289,3.0834990604747285,60.27800163362311
32e18e89237933ebdaaebd78a27e7fa1,14,366.52,26.18,0.0006606266515666289,3.0834990604747285,80.7260054032284
93c902b021a9e594f658ab1b0351602a,14,1454.6000000000001,103.9,0.0006606266515666289,3.0834990604747285,320.3755523833243
cac9e5692471a0700418aa3400b9b2b1,13,1275.98,98.15230769230769,0.000613439033597584,2.863249127583677,281.0345093703246
ce6f74096c84567f22728c84f3d6e7fc,13,1493.7,114.9,0.000613439033597584,2.863249127583677,328.9873247593645
020a80cb704bf65f38761fcedf2af192,13,633.6999999999999,48.74615384615384,0.000613439033597584,2.863249127583677,139.5723824730597
fc1d8637c0268af3db482c14b7ef8e75,13,1948.7,149.9,0.000613439033597584,2.863249127583677,429.20104422479324
18f6ea7e8cff29f8053baac6762449f9,13,735.6999999999999,56.592307692307685,0.000613439033597584,2.863249127583677,162.037875627947
e2bb00220a167d9e60b6776ac33717bc,13,728.0,56.0,0.000613439033597584,2.863249127583677,160.3419511446859
b8b426747049f2d3d6e00b486d47dedb,13,1168.7,89.9,0.000613439033597584,2.863249127583677,257.4060965697726
4ff38de0673d41a0da1499e300720ef6,13,938.7,72.20769230769231,0.000613439033597584,2.863249127583677,206.74861200483062
0bbdc963004d9b2fd3427ee3c5ae3608,13,3987.0,306.6923076923077,0.000613439033597584,2.863249127583677,878.1364824366246
67bd616e1ba0d3d3e8545f3113b0140d,13,188.37,14.49,0.000613439033597584,2.863249127583677,41.488479858687484
a6ad77b15e566298a4e8ee2011ab1255,13,351.0,27.0,0.000613439033597584,2.863249127583677,77.30772644475928
aadff88486740e0b0ebe2be6c09476ae,13,388.7,29.9,0.000613439033597584,2.863249127583677,85.61114891475194
4f0abfbee7569e43b80f9aaa256a9bf8,13,1434.1599999999999,110.32,0.000613439033597584,2.863249127583677,315.87364375503125
65266b2da20d04dbe00c5c2d3bb7859e,13,310.7,23.9,0.000613439033597584,2.863249127583677,68.43165414924988
89e4362d74afa10ac57f8d67210132a6,13,1284.8,98.83076923076922,0.000613439033597584,2.863249127583677,282.9771137784237
6f1b3488c5314b527201978357a8d85f,13,3359.87,258.45153846153846,0.000613439033597584,2.863249127583677,740.0111420226592
7fb04722aba7a2b632bac8f9819796f3,13,1170.0,90.0,0.000613439033597584,2.863249127583677,257.69242148253096
82c51c3938503a4ddc096fbed86428d6,13,1287.0,99.0,0.000613439033597584,2.863249127583677,283.461663630784
44d097d59e8430f88a67517cd0c4f865,13,897.0,69.0,0.000613439033597584,2.863249127583677,197.56418980327373
43b54d1fc56ff394092a3dff6be2d39f,13,1434.1599999999999,110.32,0.000613439033597584,2.863249127583677,315.87364375503125
7f457254a89d62960399e075711b3deb,13,324.87,24.990000000000002,0.000613439033597584,2.863249127583677,71.5525956983161
78f29023586e374cdc3773ce0af6bd2c,13,1690.88,130.0676923076923,0.000613439033597584,2.863249127583677,372.4162065268222
f521813909e310116b6b2f0b11f3dd44,13,1309.0,100.6923076923077,0.000613439033597584,2.863249127583677,288.3071621543872
4520766ec412348b8d4caa5e8a18c464,13,368.37,28.336153846153845,0.000613439033597584,2.863249127583677,81.13346777907685
6c09be1fc42a113b2f3e558d7df2f133,12,540.0,45.0,0.0005662514156285391,2.642999194692625,118.93496376116812
6adab229374835b551f6402e0dc53267,12,601.8,50.15,0.0005662514156285391,2.642999194692625,132.54640961383512
d011223de539cd224b5c5c8082313d46,12,2361.6000000000004,196.80000000000004,0.0005662514156285391,2.642999194692625,520.1422415155087
cfb79bfbdaf59cfe2e9ae0a071451f32,12,468.0,39.0,0.0005662514156285391,2.642999194692625,103.07696859301237
779dd392d4fbe5ca656bf3ceabecbf0b,12,1655.0,137.91666666666666,0.0005662514156285391,2.642999194692625,364.51363893469113
a7216be504e1ff211b67479ab193a552,12,838.8000000000001,69.9,0.0005662514156285391,2.642999194692625,184.7456437090145
9759a740aa84f55b71c0c8c306a80737,12,216.0,18.0,0.0005662514156285391,2.642999194692625,47.573985504467245
0a5a41c678bcf81e041826bb24eb0b01,12,586.8,48.9,0.0005662514156285391,2.642999194692625,129.24266062046934
363218ba55c610b750224f90bdd34be1,12,908.8799999999999,75.74,0.0005662514156285391,2.642999194692625,200.1807590060194
0d85c435fd60b277ffb9e9b0f88f927a,12,743.8000000000001,61.98333333333334,0.0005662514156285391,2.642999194692625,163.82190008436456
98224bfc1eaadb3a394ec334c60453ff,12,51.0,4.25,0.0005662514156285391,2.642999194692625,11.232746577443656
9ac1378f05cd222b3fb34a3cccc626c7,12,462.79999999999995,38.56666666666666,0.0005662514156285391,2.642999194692625,101.93166894197888
7c4a8bec217df1de0df2b5aaf8175b65,12,178.8,14.9,0.0005662514156285391,2.642999194692625,39.38068800092011
ee5329ffbe604bebcf84b2fd7792024e,12,2213.0,184.41666666666666,0.0005662514156285391,2.642999194692625,487.4131014878982
11dcc970f7a5581e1bf777b6da3f7096,12,826.8000000000001,68.9,0.0005662514156285391,2.642999194692625,182.10264451432187
c1cf541d5b33a4b04ddc1c3be7aa1c86,12,453.0,37.75,0.0005662514156285391,2.642999194692625,99.77321959964658
157ee978f4fcdf8984b0bb33a6687fde,12,411.0,34.25,0.0005662514156285391,2.642999194692625,90.5227224182224
bce474cc95b6e77657e10939b0b4248c,12,1797.8,149.81666666666666,0.0005662514156285391,2.642999194692625,395.9653293515334
2028bf1b01cafb2d2b1901fca4083222,12,599.88,49.99,0.0005662514156285391,2.642999194692625,132.12352974268433
2722b7e5f68e776d18fe901638034e54,12,344.79999999999995,28.73333333333333,0.0005662514156285391,2.642999194692625,75.94217686083475
b38b25d838ae0b8385e8cc68b9017644,12,1910.0,159.16666666666666,0.0005662514156285391,2.642999194692625,420.67737182190945
c6336fa91fbd87c359e44f5dca5a90ed,12,533.4,44.449999999999996,0.0005662514156285391,2.642999194692625,117.48131420408716
b0961721fd839e9982420e807758a2a6,12,598.8,49.9,0.0005662514156285391,2.642999194692625,131.88565981516197
8fc803c7d0a99a53798c7896a7c1e93c,12,1494.75,124.5625,0.0005662514156285391,2.642999194692625,329.2185871889001
afdb06ebeca917512783bcbaa8ed28c0,12,1620.0,135.0,0.0005662514156285391,2.642999194692625,356.80489128350433
af0a99476d96dcc1a1baa7c0d9ff6b9d,12,6352.549999999999,529.3791666666666,0.0005662514156285391,2.642999194692625,1399.1487111870526
ae16b1d896c15ed60614a0d88c4abf03,12,1290.8799999999999,107.57333333333332,0.0005662514156285391,2.642999194692625,284.3162333704013
09b0d15a8cc9a84e7af7e0225f67dc45,12,804.0,67.0,0.0005662514156285391,2.642999194692625,177.08094604440586
867dda95bbba37fe56fa288449fa122f,12,598.8,49.9,0.0005662514156285391,2.642999194692625,131.88565981516197
1a758361b1c10b3ffe3d3373332de319,11,490.49,44.59,0.0005190637976594942,2.422749261801573,108.03038958373214
94475071013412139f862c0bd7e3bb37,11,495.79,45.07181818181818,0.0005190637976594942,2.422749261801573,109.1977142280547
91846781ef75057e134949400768e272,11,1484.89,134.99,0.0005190637976594942,2.422749261801573,327.04692285059434
952e73f7e8bee61569a32b35c19bc981,11,595.0,54.09090909090909,0.0005190637976594942,2.422749261801573,131.04871007017599
c8cfa622661e047ea2499f8bce4731a5,11,1483.9,134.9,0.0005190637976594942,2.422749261801573,326.8288754170322
e84997d75938765ef99930f908ceedf4,11,1397.0,127.0,0.0005190637976594942,2.422749261801573,307.68915624879975
0cf41187284d7f099adc8415a743ebbd,11,394.9,35.9,0.0005190637976594942,2.422749261801573,86.97669849867647
698b3ddae2f0b80c2a48fb40624ca4e4,11,2463.5,223.95454545454547,0.0005190637976594942,2.422749261801573,542.5857096771068
aa70ae9ee9a798d44ae6e00ce6d82cb1,11,1213.52,110.32,0.0005190637976594942,2.422749261801573,267.27769856194953
330144665b875c2b4555f88d9f4ed7c1,11,2259.08,205.3709090909091,0.0005190637976594942,2.422749261801573,497.56221839551796
44fc450365728c413fefc547592626be,11,9642.0,876.5454545454545,0.0005190637976594942,2.422749261801573,2123.649852935524
aa53b7499856e6df13008f34100cc336,11,829.9,75.44545454545454,0.0005190637976594942,2.422749261801573,182.7854193062841
0a4f9f421af66d2ea061fbb8883419f7,11,1213.52,110.32,0.0005190637976594942,2.422749261801573,267.27769856194953
4f18ca9862f511ecba98258b2194d061,11,1000.0,90.9090909090909,0.0005190637976594942,2.422749261801573,220.24993289105208
90aaf7f993470e411207adabf5b998b6,11,2119.0,192.63636363636363,0.0005190637976594942,2.422749261801573,466.7096077961393
b05ec8d9cabec69e637318ebba813a09,11,1385.8899999999999,125.99,0.0005190637976594942,2.422749261801573,305.24217949438014
2772d1e494d431a05b7bcc95b02163b6,11,1048.08,95.27999999999999,0.0005190637976594942,2.422749261801573,230.83954966445384
8d4dac6177fb8134f26fb4c5cc6c0aff,11,1043.95,94.90454545454546,0.0005190637976594942,2.422749261801573,229.92991744161384
71540d636652fc682032d3b3c0a180c1,11,1318.35,119.85,0.0005190637976594942,2.422749261801573,290.3664990269185
7c1bd920dbdf22470b68bde975dd3ccf,11,648.89,58.99,0.0005190637976594942,2.422749261801573,142.9179789536748
08a58dc963320d6073623382b9ceb920,11,1399.0,127.18181818181819,0.0005190637976594942,2.422749261801573,308.12965611458185
1f75be631e988bb0ad750e60e18d043b,11,153.89000000000001,13.990000000000002,0.0005190637976594942,2.422749261801573,33.89426217260401
8983a3b149303c013fceabef902e835a,11,1089.0,99.0,0.0005190637976594942,2.422749261801573,239.85217691835572
3f212fef0e1f11b343226b633f0426df,11,1210.0,110.0,0.0005190637976594942,2.422749261801573,266.50241879817304
c1617123e66d2491ca93ceadfd36203e,11,604.89,54.99,0.0005190637976594942,2.422749261801573,133.2269819064685
008cff0e5792219fae03e570f980b330,11,1484.89,134.99,0.0005190637976594942,2.422749261801573,327.04692285059434
5f42d57952b7815098979a5c4fa6f82a,11,1213.52,110.32,0.0005190637976594942,2.422749261801573,267.27769856194953
a2da86fa759178e9e58e54aa1a144e59,11,274.89,24.99,0.0005190637976594942,2.422749261801573,60.5445040524213
a291cc846d74d97f01611894f983073b,11,2088.9,189.9,0.0005190637976594942,2.422749261801573,460.0800848161187
a0d20b18f2a06b34206ba5933b4ec05b,11,548.9,49.9,0.0005190637976594942,2.422749261801573,120.89518816389848
f7740e5b4337a3cc4a8a204553101a85,11,5763.9,523.9909090909091,0.0005190637976594942,2.422749261801573,1269.498588190735
2669a9fe1aaf6cb29071f8f866014afc,10,1295.9,129.59,0.00047187617969044924,2.2024993289105206,285.4218880335144
ba80c9f47a84d1e08465f72e22930c83,10,1147.8999999999999,114.78999999999999,0.00047187617969044924,2.2024993289105206,252.82489796563863
b7a812ed1b86b3b00e566dc29ba7ec7c,10,264.0,26.4,0.00047187617969044924,2.2024993289105206,58.14598228323774
86ecc269de40ba13205e7beeee12f26f,10,295.88,29.588,0.00047187617969044924,2.2024993289105206,65.16755014380449
629e019a6f298a83aeecc7877964f935,10,1080.0,108.0,0.00047187617969044924,2.2024993289105206,237.8699275223362
be0dbdc3d67d55727a65d4cd696ca73c,10,650.0,65.0,0.00047187617969044924,2.2024993289105206,143.16245637918385
e611a297d7a9df83f906aab5c746fd06,10,953.0,95.3,0.00047187617969044924,2.2024993289105206,209.8981860451726
dc52f0f5d3ec37a93eaf956cde4e5d2c,10,490.0,49.0,0.00047187617969044924,2.2024993289105206,107.92246711661551
cfb763496d9fc48751a27db4fd02aa2d,10,499.5,49.95,0.00047187617969044924,2.2024993289105206,110.01484147908052
450c25d98ed6923154a934554475bf13,10,3990.0,399.0,0.00047187617969044924,2.2024993289105206,878.7972322352977
90d11936871062d5cb6d23175734ea91,10,400.0,40.0,0.00047187617969044924,2.2024993289105206,88.09997315642082
7a5d0e89d069c89b2112e9da539343c2,10,1189.95,118.995,0.00047187617969044924,2.2024993289105206,262.0864076437074
42ec84ace63b58b8c5a7ba7be01d5fb8,10,969.0,96.9,0.00047187617969044924,2.2024993289105206,213.42218497142946
c3798d484fb730f0b5c23af0d5361595,10,141.0,14.1,0.00047187617969044924,2.2024993289105206,31.05524053763834
e1da6ab77f4859eb17950e5df1c0f815,10,499.0,49.9,0.00047187617969044924,2.2024993289105206,109.90471651263498
c706d50b57c9e83293c2586d01f32445,10,499.90000000000003,49.99,0.00047187617969044924,2.2024993289105206,110.10294145223693
c44343d9d6d3551e161f3c72bfcbfc3b,10,1499.7,149.97,0.00047187617969044924,2.2024993289105206,330.3088243567108
3c883b9d3fd2d0ce448d4136349dc0a4,10,550.0,55.0,0.00047187617969044924,2.2024993289105206,121.13746309007863
a9ccb9dca11ae8ca804b47417d0411f2,10,1769.1000000000001,176.91000000000003,0.00047187617969044924,2.2024993289105206,389.6441562775602
33ba4b29d820b397054cc97e892ab1bc,10,281.18,28.118000000000002,0.00047187617969044924,2.2024993289105206,61.92987613030602
688ad0169550f8e2eb0307b61df3ba12,10,665.5,66.55,0.00047187617969044924,2.2024993289105206,146.57633033899515
dbb67791e405873b259e4656bf971246,10,614.0,61.4,0.00047187617969044924,2.2024993289105206,135.23345879510597
a5e537da8376b8623758e0186bfa400f,10,699.0,69.9,0.00047187617969044924,2.2024993289105206,153.9547030908454
b75a056d7d03227c3a3b60e9ccf518c9,9,531.0,59.0,0.0004246885617214043,1.9822493960194685,116.95271436514864
6d6c510f2222e168bf3b6b67e24c9535,9,675.0,75.0,0.0004246885617214043,1.9822493960194685,148.66870470146014
2722b86640ddc24e1374c2df1ac2a230,9,2699.91,299.99,0.0004246885617214043,1.9822493960194685,594.6549963118804
4e1346d7b7e02c737a366b086462e33e,9,107.91,11.99,0.0004246885617214043,1.9822493960194685,23.767170258273428
060f0122cdc8f25db4a0d7359fdae7b0,9,441.0,49.0,0.0004246885617214043,1.9822493960194685,97.13022040495396
777d2e438a1b645f3aec9bd57e92672c,9,626.3000000000001,69.5888888888889,0.0004246885617214043,1.9822493960194685,137.94253296966593
461f43be3bdf8844e65b62d9ac2c7a5a,9,1248.8,138.75555555555556,0.0004246885617214043,1.9822493960194685,275.0481161943458
a8d30122a99d04c7437d4e7b022a7231,9,540.0,60.0,0.0004246885617214043,1.9822493960194685,118.9349637611681
668e8ee8f69c3545109fc40f72336e8f,9,839.1,93.23333333333333,0.0004246885617214043,1.9822493960194685,184.81171868888177
93a12c289ca2b78e7069e469f5053ef2,9,1183.1000000000001,131.45555555555558,0.0004246885617214043,1.9822493960194685,260.57769560340375
91442659f31ec0f0fc73215e77854fac,9,495.0,55.0,0.0004246885617214043,1.9822493960194685,109.02371678107076
0798196b28c04c8e543322896c882902,9,2581.0,286.77777777777777,0.0004246885617214043,1.9822493960194685,568.4650767918054
82e4ad16521ca131d95e198d507db370,9,170.1,18.9,0.0004246885617214043,1.9822493960194685,37.46451358476795
c32b1155b886162db8e1ec114699a799,9,512.91,56.989999999999995,0.0004246885617214043,1.9822493960194685,112.9683930791495
8828464e34fc3da3892f568218e14d61,9,376.0,41.77777777777778,0.0004246885617214043,1.9822493960194685,82.81397476703557
24bc2932a12c983f8e76d828b65cf39b,9,509.0,56.55555555555556,0.0004246885617214043,1.9822493960194685,112.1072158415455
189f163ac190749c553a4835c22aa3a8,9,575.91,63.989999999999995,0.0004246885617214043,1.9822493960194685,126.84413885128578
5999995b8f64d769dbc6f592b86d6f8a,9,332.91,36.99,0.0004246885617214043,1.9822493960194685,73.32340515876014
d63c1011f49d98b976c352955b1c4bea,9,539.91,59.989999999999995,0.0004246885617214043,1.9822493960194685,118.9151412672079
044f05bc9de36e8a693a83e4bc79dd0d,9,224.91,24.99,0.0004246885617214043,1.9822493960194685,49.536412406526516
783caabd539c4079ec08423e30719fba,9,261.0,29.0,0.0004246885617214043,1.9822493960194685,57.485232484564584
9ea1152d6d52dc57ab2ea49aa626adc1,9,483.49,53.721111111111114,0.0004246885617214043,1.9822493960194685,106.48864005349476
a5db7a80a8d9c9d49050360fceb6ffd4,9,103.1,11.455555555555556,0.0004246885617214043,1.9822493960194685,22.707768081067467
6a31191d5ac5852b0478f6e245ac5b02,9,1071.67,119.07444444444445,0.0004246885617214043,1.9822493960194685,236.03524558135376
0a4093a4af429dc0a9334300e5c13ae5,9,269.09999999999997,29.899999999999995,0.0004246885617214043,1.9822493960194685,59.269256940982096
2e513e110e3f95926fa3d1ac44444ff4,9,168.91,18.767777777777777,0.0004246885617214043,1.9822493960194685,37.2024161646276
35537536ed2b4c561b4018bf3abf54e0,9,3510.0,390.0,0.0004246885617214043,1.9822493960194685,773.0772644475927
28beefcab28e6a3b659bae1bf1cbe453,9,240.0,26.666666666666668,0.0004246885617214043,1.9822493960194685,52.859983893852494
c65f71634a9d0de5b4a1d7dbb6d3ae01,9,429.5,47.72222222222222,0.0004246885617214043,1.9822493960194685,94.59734617670685
b114bf337c0626166abe574eee9e3f32,9,1357.6599999999999,150.8511111111111,0.0004246885617214043,1.9822493960194685,299.0245238888657
281bbfe70848e0b304bef88fc2caf2c3,9,440.09999999999997,48.9,0.0004246885617214043,1.9822493960194685,96.931995465352
962a6951154f98f2c8e9a5b8b2bcf4a9,9,684.8,76.08888888888889,0.0004246885617214043,1.9822493960194685,150.82715404379243
0a57f7d2c983bcf8188589a5fea4a8da,9,850.2,94.46666666666667,0.0004246885617214043,1.9822493960194685,187.25649294397246
5c3aca5c078a343b3b873362e7ac2fcc,9,1583.91,175.99,0.0004246885617214043,1.9822493960194685,348.85607120546626
81b6c7c058add831803fcbba6dcc1df2,9,959.1,106.56666666666666,0.0004246885617214043,1.9822493960194685,211.241710635808
0bdd9a52d192d64770e33ae559512478,9,494.0,54.888888888888886,0.0004246885617214043,1.9822493960194685,108.80346684817971
c1f5307decb89342351bec53668cffd9,9,269.90999999999997,29.989999999999995,0.0004246885617214043,1.9822493960194685,59.44765938662385
10070e29929f7c7d609ee3201f236b8e,9,867.5500000000001,96.39444444444445,0.0004246885617214043,1.9822493960194685,191.0778292796322
7f4e034245e45549110139d1de248f83,9,440.09999999999997,48.9,0.0004246885617214043,1.9822493960194685,96.931995465352
5e3b4b17383b90a3129e552bd71bf2b8,9,752.5,83.61111111111111,0.0004246885617214043,1.9822493960194685,165.7380745005167
57552a168008a60472e3e6bb351422e7,9,265.95,29.549999999999997,0.0004246885617214043,1.9822493960194685,58.57546965237529
eb6913790ee61d3d4d8dffcbbedea827,9,269.09999999999997,29.899999999999995,0.0004246885617214043,1.9822493960194685,59.269256940982096
2dd91cf063cf57cb0eebef072746daab,9,992.8799999999999,110.32,0.0004246885617214043,1.9822493960194685,218.68175336886776
a35a9f46dcee0a67c8c7ad8493eb4135,9,240.1,26.677777777777777,0.0004246885617214043,1.9822493960194685,52.882008887141595
417c36fe8603e10f20aba1359eb8e2f4,9,801.0,89.0,0.0004246885617214043,1.9822493960194685,176.42019624573268
88a3f73bd7326cded0153029c775d145,8,924.0,115.5,0.00037750094375235937,1.7619994631284164,203.5109379913321
c4ee4437696f1885d323b41852fedc8c,8,211.2,26.4,0.00037750094375235937,1.7619994631284164,46.51678582659019
b948a6dd0adccdcf3ea81888bf678924,8,535.0,66.875,0.00037750094375235937,1.7619994631284164,117.83371409671284
2136c70bbe723d338fab53da3c03e6dc,8,232.0,29.0,0.00037750094375235937,1.7619994631284164,51.097984430724075
8562e2c780a345b609e1b802d7e3e4ae,8,639.2,79.9,0.00037750094375235937,1.7619994631284164,140.78375710396048
d1a57f4402dbfe2cb1c271ad0da64311,8,239.2,29.9,0.00037750094375235937,1.7619994631284164,52.683783947539645
fe7f10e5c9d36a294333b0c35ccc24ad,8,557.6,69.7,0.00037750094375235937,1.7619994631284164,122.81136258005063
72f78c618c8f81c2b8f0ffd2a51293b4,8,599.2,74.9,0.00037750094375235937,1.7619994631284164,131.9737597883184
d103a59e482517dd37f6865b1bf5499d,8,787.8,98.475,0.00037750094375235937,1.7619994631284164,173.51289713157078
059ca09d32720d9adce3ae12e181339d,8,760.8299999999999,95.10374999999999,0.00037750094375235937,1.7619994631284164,167.5727564414991
d4dccae17c83ffbaafc50d763503e9eb,8,503.2,62.9,0.00037750094375235937,1.7619994631284164,110.82976623077738
16679d68bdbed3fb97af806424d7f2b7,8,232.0,29.0,0.00037750094375235937,1.7619994631284164,51.097984430724075
dab2413ead0edda9967edbc9bda2a64e,8,239.89999999999998,29.987499999999997,0.00037750094375235937,1.7619994631284164,52.83795890056338
163da86e86f0089de089399c28c3fcbb,8,792.0,99.0,0.00037750094375235937,1.7619994631284164,174.43794684971323
16ed6a6e3fce23b741650437fe58d65b,8,767.44,95.93,0.00037750094375235937,1.7619994631284164,169.028608497909
fcaab5d7f656094e49fbe4ee3a506658,8,852.0,106.5,0.00037750094375235937,1.7619994631284164,187.65294282317635
154e7e31ebfa092203795c972e5804a6,8,191.92,23.99,0.00037750094375235937,1.7619994631284164,42.27036712045071
013ee64977aaa6b2b25475095162e0e9,8,559.92,69.99,0.00037750094375235937,1.7619994631284164,123.32234242435786
0c79aab7a6a2449f932887fb3c8d0127,8,468.0,58.5,0.00037750094375235937,1.7619994631284164,103.07696859301235
57d79905de06d8897872c551bfd09358,8,175.92,21.99,0.00037750094375235937,1.7619994631284164,38.74636819419387
6ac3978babf6ca76087369391bb6ce5a,8,645.0,80.625,0.00037750094375235937,1.7619994631284164,142.06120671472857
6c8b2975a4a05d1f36948b20753b29ca,8,400.0,50.0,0.00037750094375235937,1.7619994631284164,88.09997315642082
4c82c8d31845d751d797debc3d03697f,8,103.92,12.99,0.00037750094375235937,1.7619994631284164,22.888373026038128
e94df75b2e9a8b056be0c144a731f55c,8,758.5,94.8125,0.00037750094375235937,1.7619994631284164,167.05957409786296
6a8631b72a2f8729b91514db87e771c0,8,199.2,24.9,0.00037750094375235937,1.7619994631284164,43.873786631897566
4c7d4a2efde21e3bf1660926fabc6a9d,8,289.48,36.185,0.00037750094375235937,1.7619994631284164,63.75795057330175
68ad45d48d69404aeb71ce87e1b2c948,8,479.12,59.89,0.00037750094375235937,1.7619994631284164,105.52614784676086
76d1a1a9d21ab677a61c3ae34b1b352f,8,1118.16,139.77,0.00037750094375235937,1.7619994631284164,246.27466496145877
6ab9d49c399f239bc88ea28c7568213f,8,99.92,12.49,0.00037750094375235937,1.7619994631284164,22.007373294473922
2a5806f10d0f00e5ad032dd2e3c8806e,8,1359.92,169.99,0.00037750094375235937,1.7619994631284164,299.5222887371995
4316b712956314302c5d0aef9ed77c13,8,239.2,29.9,0.00037750094375235937,1.7619994631284164,52.683783947539645
7d4293d63939e17d3b331866cae7735f,8,157.0,19.625,0.00037750094375235937,1.7619994631284164,34.57923946389517
3b10cf7d1e08c598428ad6eb7c59d09c,8,712.0,89.0,0.00037750094375235937,1.7619994631284164,156.81795221842907
e7f85e7f0203b7b95cc1b4c21b4b070c,8,2079.92,259.99,0.00037750094375235937,1.7619994631284164,458.102240418757
ef7f13c7694be202c48017b71801815c,8,399.2,49.9,0.00037750094375235937,1.7619994631284164,87.92377321010798
cb81df0e3ccece253557f2a07df4727e,8,363.0,45.375,0.00037750094375235937,1.7619994631284164,79.95072563945189
adf591c625cb265c12bc6749d3a2f757,8,256.0,32.0,0.00037750094375235937,1.7619994631284164,56.383982820109324
fad3ac91e2ae2e3e0e3f0bed36a565b8,8,1190.0,148.75,0.00037750094375235937,1.7619994631284164,262.0974201403519
3a362c0e7f9a69276e2d95869a3e143b,8,882.56,110.32,0.00037750094375235937,1.7619994631284164,194.38378077232687
c784aabc6d8366b8fd85eaf9631cf96f,8,360.0,45.0,0.00037750094375235937,1.7619994631284164,79.28997584077874
e1e0040c906cc890d032092141a9b6de,8,685.92,85.74,0.00037750094375235937,1.7619994631284164,151.07383396863042
24c9d329963373e2fccaa3f3204db19e,8,559.92,69.99,0.00037750094375235937,1.7619994631284164,123.32234242435786
c9c6fde711572c1ad99ca12728c6af00,8,299.91999999999996,37.489999999999995,0.00037750094375235937,1.7619994631284164,66.05735987268432
70c1bce00b24bfd21332f7f8ebe2217f,8,104.0,13.0,0.00037750094375235937,1.7619994631284164,22.905993020669413
b0c89945c034268074f5f80b362bda34,8,239.92,29.99,0.00037750094375235937,1.7619994631284164,52.842363899221205
8fa67e5cb309b9cd7b4438e15948bdb2,8,96.46,12.0575,0.00037750094375235937,1.7619994631284164,21.24530852667088
07821918ef487fd64eb20b3c8aeb897f,8,1122.0,140.25,0.00037750094375235937,1.7619994631284164,247.1204247037604
2fb9e46750ac55362f7b642f12b5835b,8,120.0,15.0,0.00037750094375235937,1.7619994631284164,26.429991946926247
5d7c23067ed3fc8c6e699b9373d5890b,8,462.0,57.75,0.00037750094375235937,1.7619994631284164,101.75546899566605
06f2166336faca73c644b11eaca22d06,8,840.0,105.0,0.00037750094375235937,1.7619994631284164,185.0099436284837
5101f008a270fb10336de6703f32221e,8,632.0,79.0,0.00037750094375235937,1.7619994631284164,139.19795758714488
f49e985b4cb2d0543890d6dd00077663,8,6270.0,783.75,0.00037750094375235937,1.7619994631284164,1380.9670792268964
8317b177579dd27ff068b83205e2169b,8,1253.5,156.6875,0.00037750094375235937,1.7619994631284164,276.0832908789337
8370300e444c4394d3c3f878606a9601,8,2397.2999999999997,299.66249999999997,0.00037750094375235937,1.7619994631284164,528.005164119719
af91083bde899b201798b52ae89babea,8,519.92,64.99,0.00037750094375235937,1.7619994631284164,114.51234510871578
55b71bf300a2765a382eaec566df531f,8,634.92,79.365,0.00037750094375235937,1.7619994631284164,139.84108739118676
0f91b6a95a57a43203a9b17de98960d9,8,947.6,118.45,0.00037750094375235937,1.7619994631284164,208.70883640756094
ad2037645597db38527fe3afbe226af2,8,235.92,29.49,0.00037750094375235937,1.7619994631284164,51.961364167656996
72b253635b316f49e42e618d6e585ebc,7,92.3,13.185714285714285,0.00033031332578331444,1.5417495302373643,20.329068805844102
b92a7304ebad1ca5b393b53b2de5c70a,7,989.89,141.41285714285715,0.00033031332578331444,1.5417495302373643,218.02320606952352
ba4a91633739ceceb2b73b627e2cfbc3,7,999.89,142.84142857142857,0.00033031332578331444,1.5417495302373643,220.225705398434
10698a66d71ebd12be9e8c39302c74b3,7,909.79,129.97,0.00033031332578331444,1.5417495302373643,200.38118644495023
5f622da714951c5ae86acf68c0a03d30,7,419.93,59.99,0.00033031332578331444,1.5417495302373643,92.48955431893948
fbd4031ddbc3d02b95834b62769d3ad0,7,966.0,138.0,0.00033031332578331444,1.5417495302373643,212.76143517275628
06f756df8d80309915285f3ee6ea1059,7,909.3000000000001,129.9,0.00033031332578331444,1.5417495302373643,200.27326397783364
4180a49d4b879e727ad2c8e82a9f4d87,7,1192.1000000000001,170.3,0.00033031332578331444,1.5417495302373643,262.5599449994232
4167a7ae0930579d1f27d465a1a042f0,7,772.24,110.32000000000001,0.00033031332578331444,1.5417495302373643,170.08580817578604
310b40ec41fbfc061e5309006482e68a,7,3646.2999999999997,520.9,0.00033031332578331444,1.5417495302373643,803.097330300643
a1e903cd2d23763ef8b85ec12eb79d9c,7,314.0,44.857142857142854,0.00033031332578331444,1.5417495302373643,69.15847892779034
2ffdf10e724b958c0f7ea69e97d32f64,7,1402.0,200.28571428571428,0.00033031332578331444,1.5417495302373643,308.790405913255
e2372fa4eec7531e44bb43844876e25b,7,1333.0,190.42857142857142,0.00033031332578331444,1.5417495302373643,293.59316054377234
077599a82ee54960bc4f4c941b0d1359,7,835.66,119.38,0.00033031332578331444,1.5417495302373643,184.05405891973655
d7a023eecac412d29d49735e9e9b629f,7,175.0,25.0,0.00033031332578331444,1.5417495302373643,38.54373825593411
56cdfe67fbda57c1dcc752f5f361f981,7,629.3000000000001,89.9,0.00033031332578331444,1.5417495302373643,138.60328276833906
d1859a58e608b68f4066e0c77e526ef1,7,272.93,38.99,0.00033031332578331444,1.5417495302373643,60.11281418395484
f7f59e6186e10983a061ac7bdb3494d6,7,244.29999999999998,34.9,0.00033031332578331444,1.5417495302373643,53.80705860528401
2de5c479fb0c490a0f2a2f3ab36e71b6,7,1224.93,174.99,0.00033031332578331444,1.5417495302373643,269.7907502962364
a04087ab6a96ffa041f8a2701a72b616,7,4550.0,650.0,0.00033031332578331444,1.5417495302373643,1002.1371946542868
25e2023ed83352bde98dc1490d14c3d8,7,693.0,99.0,0.00033031332578331444,1.5417495302373643,152.63320349349905
0ec96e6d31a1493b0475805c9ae1a0a2,7,1169.0,167.0,0.00033031332578331444,1.5417495302373643,257.4721715496398
628f5ed6c14790dcb9233c8dbf596175,7,3726.2999999999997,532.3285714285714,0.00033031332578331444,1.5417495302373643,820.7173249319272
0eb8e03d4ef83152c4642b606b5bbdec,7,209.92999999999998,29.99,0.00033031332578331444,1.5417495302373643,46.237068411818555
bc072f287b475a918c00b3478d1bcef9,7,1113.0,159.0,0.00033031332578331444,1.5417495302373643,245.1381753077409
87ea2f45559e10519513a20b24147316,7,1112.3,158.9,0.00033031332578331444,1.5417495302373643,244.98400035471718
3d5837f86205fe83f03fb5f7e4d5b9cf,7,804.7,114.95714285714287,0.00033031332578331444,1.5417495302373643,177.2351209974296
ba74c6b75d2ad7503175809688d5a03c,7,1230.94,175.84857142857143,0.00033031332578331444,1.5417495302373643,271.11445239291163
bdc3291ab242ec1effc8eb0987850268,7,182.24,26.034285714285716,0.00033031332578331444,1.5417495302373643,40.13834777006532
2265e8aa066cc6c4528d4be900eb5b64,7,125.29999999999998,17.9,0.00033031332578331444,1.5417495302373643,27.59731659124882
f282b8032570cf3ce692b8ea7e1b6c53,7,1029.3,147.04285714285714,0.00033031332578331444,1.5417495302373643,226.70325592475987
839321c2db7b3b3eaff4944c3b052ecd,7,797.23,113.89,0.00033031332578331444,1.5417495302373643,175.58985399873342
f2a1b32f85cad59ff2a8444154ac25f0,7,1330.0,190.0,0.00033031332578331444,1.5417495302373643,292.9324107450992
90aa2ab699cd0e459be93124aa91c82f,7,804.3000000000001,114.9,0.00033031332578331444,1.5417495302373643,177.14702102427316
addc4d1f7d82e1b6c5ba37d6559ac127,7,1239.3,177.04285714285714,0.00033031332578331444,1.5417495302373643,272.9557418318808
6463e442310f2f4f321c83a32d8c662b,7,772.24,110.32000000000001,0.00033031332578331444,1.5417495302373643,170.08580817578604
6f0169f259bb0ff432bfff7d829b9946,7,838.9499999999999,119.85,0.00033031332578331444,1.5417495302373643,184.7786811989481
71a5f1c2a5fd9889ef26b5ac22aec9c6,7,174.29999999999998,24.9,0.00033031332578331444,1.5417495302373643,38.38956330291037
b30d7b0adcdc4a117f455472548155ec,7,892.39,127.48428571428572,0.00033031332578331444,1.5417495302373643,196.54883761264594
1ebde342c905182ffc07333fc569c590,7,313.95,44.85,0.00033031332578331444,1.5417495302373643,69.14746643114579
6fd08d44046ab994b96ff38ad6fcfba1,7,186.0,26.571428571428573,0.00033031332578331444,1.5417495302373643,40.96648751773568
8b51c6ccc9c0548c951214e1cd1547ff,7,424.39,60.62714285714286,0.00033031332578331444,1.5417495302373643,93.47186901963357
e61c78a7343d82c0539d27df0f7dfc31,7,1399.3,199.9,0.00033031332578331444,1.5417495302373643,308.1957310944491
27d089865ecb267c190122ec1feddb8a,7,342.0,48.857142857142854,0.00033031332578331444,1.5417495302373643,75.3254770487398
c429a719cac9a29bfb5749d8f9043dae,7,474.30000000000007,67.75714285714287,0.00033031332578331444,1.5417495302373643,104.464543170226
1d3ecbda18167c766a3381fd16108e4a,7,626.5,89.5,0.00033031332578331444,1.5417495302373643,137.9865829562441
ca0e18cb90ba3928271a3b09d9141dd0,7,241.93,34.56142857142857,0.00033031332578331444,1.5417495302373643,53.28506626433222
2ab3eebb03e660d44470d936c0f20bb6,7,291.3,41.614285714285714,0.00033031332578331444,1.5417495302373643,64.15880545116346
fb19ac22e32dfecea21afbdde4b97b5f,7,1552.75,221.82142857142858,0.00033031332578331444,1.5417495302373643,341.99308329658106
efa490145b5cc82438b6a6de691535fa,7,330.57,47.22428571428571,0.00033031332578331444,1.5417495302373643,72.80802031579508
aeb767ca82c5a6cca8bbac33c4e21579,7,232.0,33.142857142857146,0.00033031332578331444,1.5417495302373643,51.097984430724075
4f288e27579d68e616d2712ad669f99e,7,1259.6,179.94285714285712,0.00033031332578331444,1.5417495302373643,277.42681546956914
94a6c010ef78e62cab34c6caf0a69b5f,7,110.5,15.785714285714286,0.00033031332578331444,1.5417495302373643,24.337617584461253
c7b3b8509e06ae21abdd78b541215cda,7,866.3000000000001,123.75714285714287,0.00033031332578331444,1.5417495302373643,190.8025168635184
91b08d34d0ba4db44da2dc382867ba49,7,90.93,12.99,0.00033031332578331444,1.5417495302373643,20.027326397783362
ee57070aa3b24a06fdd0e02efd2d757d,7,495.30000000000007,70.75714285714287,0.00033031332578331444,1.5417495302373643,109.08979176093808
cc1cb33bcc814aeaa4631761a34bd23e,7,551.6,78.8,0.00033031332578331444,1.5417495302373643,121.4898629827043
7bdb28a55646012fb3348058d629d9bc,7,419.3,59.9,0.00033031332578331444,1.5417495302373643,92.35079686121811
01cf7c4cffff8db0a1cbe612bd2d50a4,7,155.0,22.142857142857142,0.00033031332578331444,1.5417495302373643,34.13873959811306
fc8595227785863846b7daa2ae3f2c9b,7,941.0,134.42857142857142,0.00033031332578331444,1.5417495302373643,207.25518685047996
e9a69340883a438c3f91739d14d3a56d,7,1126.43,160.91857142857143,0.00033031332578331444,1.5417495302373643,248.09613190646775
aca2eb7d00ea1a7b8ebd4e68314663af,7,669.3000000000001,95.61428571428573,0.00033031332578331444,1.5417495302373643,147.41328008398116
17878434ca0082537806de545c2f0351,7,986.3000000000001,140.9,0.00033031332578331444,1.5417495302373643,217.23250881044464
6abd84909e8ed79ef808c16f90b91093,7,209.29999999999998,29.9,0.00033031332578331444,1.5417495302373643,46.09831095409719
f9b178c9fdc90bbcfbd6c6b49ed47d4c,7,490.0,70.0,0.00033031332578331444,1.5417495302373643,107.9224671166155
65fd9b358b7ee029fba34839e9c35fdf,7,209.92999999999998,29.99,0.00033031332578331444,1.5417495302373643,46.237068411818555
4ce9ab528124f89e091b17d11aa2e97c,7,629.3000000000001,89.9,0.00033031332578331444,1.5417495302373643,138.60328276833906
69523f67543ff9ea6b1a15858fb59b3b,7,406.0,58.0,0.00033031332578331444,1.5417495302373643,89.42147275376713
d2085f7e0f9533605386960fc7e987ec,7,97.93,13.99,0.00033031332578331444,1.5417495302373643,21.569075928020727
d1a7965ac8d6ae62c9c1984434227cb6,7,489.30000000000007,69.9,0.00033031332578331444,1.5417495302373643,107.76829216359177
a03e401d58a45187271718c5d7610422,7,2240.0,320.0,0.00033031332578331444,1.5417495302373643,493.3598496759566
9fd9505539e1c67c13e4ee824fc1e1cc,7,244.29999999999998,34.9,0.00033031332578331444,1.5417495302373643,53.80705860528401
ec242882027ee23182f0e790e4117128,7,370.3,52.9,0.00033031332578331444,1.5417495302373643,81.55855014955657
3258acb04d37e2f91f76c9250f3b80a0,7,772.24,110.32000000000001,0.00033031332578331444,1.5417495302373643,170.08580817578604
4b96786612ebe7463132fce2c4dca136,7,903.0,129.0,0.00033031332578331444,1.5417495302373643,198.88568940061998
9da950e8c8c482441f1b93955b21c827,7,1469.93,209.99,0.00033031332578331444,1.5417495302373643,323.75198385454416
a3daee3915d4fb98376e039ede6bdea6,7,350.0,50.0,0.00033031332578331444,1.5417495302373643,77.08747651186822
0c5b17c1b54fc1dc48752ddb8caab6fc,7,462.8,66.11428571428571,0.00033031332578331444,1.5417495302373643,101.93166894197888
d99526b1e4fa5f57b8bde34a7337b5ee,7,413.49,59.07,0.00033031332578331444,1.5417495302373643,91.07114475112111
fe75529a267b76ac6e96f0c322a899a4,7,839.3000000000001,119.9,0.00033031332578331444,1.5417495302373643,184.85576867545998
d315b738a6e96f4d9710af966cb7cd5b,7,180.29999999999998,25.757142857142856,0.00033031332578331444,1.5417495302373643,39.71106290025668
5a3320037d5922a7708647c81ecc1f15,7,574.0,82.0,0.00033031332578331444,1.5417495302373643,126.42346147946387
5a7373ba4c9b3e13513ded06cd1986c4,7,234.43,33.49,0.00033031332578331444,1.5417495302373643,51.633191767649336
53d8ee87caa1a2320c66074ff9c99e61,7,3864.58,552.0828571428572,0.00033031332578331444,1.5417495302373643,851.1734856521019
5ae2f57d379f89f995f9444cdb6d5c60,6,163.14000000000001,27.19,0.00028312570781426955,1.3214995973463124,35.93157405184623
730f1927f42fda4370209c28203eb0ab,6,83.94,13.99,0.00028312570781426955,1.3214995973463124,18.48777936687491
7340a3839a1de1e99d149b8cf052a2ec,6,413.8,68.96666666666667,0.00028312570781426955,1.3214995973463124,91.13942223031735
d2bea3c01e172037caa99b2d138f39d0,6,137.39999999999998,22.899999999999995,0.00028312570781426955,1.3214995973463124,30.26234077923055
dbaee28f4ee64465838a229582d77520,6,327.8,54.63333333333333,0.00028312570781426955,1.3214995973463124,72.19792800168686
1336ffed1eaf9f489f9f5656f7e6fd81,6,237.89999999999998,39.65,0.00028312570781426955,1.3214995973463124,52.397459034781285
7650dd3b2dc10798a8cbccc78d9e6e3b,6,899.4000000000001,149.9,0.00028312570781426955,1.3214995973463124,198.09278964221224
31b5755dd3e583e7c227a935657a818f,6,393.39,65.565,0.00028312570781426955,1.3214995973463124,86.64412110001096
3003a2841d6a775095317139ed2f7943,6,389.40000000000003,64.9,0.00028312570781426955,1.3214995973463124,85.76532386777568
a4ea23e4c7a6ea7b4106779177221ce7,6,299.4,49.9,0.00028312570781426955,1.3214995973463124,65.94282990758099
a5bbc554f75cf4afa2cd56791015ec27,6,390.0,65.0,0.00028312570781426955,1.3214995973463124,85.89747382751031
a5e74dc2d01e8b9df1590c7160358273,6,714.0,119.0,0.00028312570781426955,1.3214995973463124,157.25845208421117
a659cb33082b851fb87a33af8f0fff29,6,509.40000000000003,84.9,0.00028312570781426955,1.3214995973463124,112.19531581470193
a0b7d5a992ccda646f2d34e418fff5a0,6,419.40000000000003,69.9,0.00028312570781426955,1.3214995973463124,92.37282185450725
cdd914e78124a73cc28a165cfc4a0bbc,6,563.9399999999999,93.99,0.00028312570781426955,1.3214995973463124,124.20774715457989
cf5fb18f3ac3f373759295cc8ba3e2c3,6,605.9399999999999,100.99,0.00028312570781426955,1.3214995973463124,133.45824433600407
d04bbac48960ecb7ea311b00ca6e1cb7,6,639.0,106.5,0.00028312570781426955,1.3214995973463124,140.73970711738227
d04e48982547095af81c231c3d581cb6,6,1479.0,246.5,0.00028312570781426955,1.3214995973463124,325.749650745866
d06466afa11453b6450b70992c90ece7,6,1254.0,209.0,0.00028312570781426955,1.3214995973463124,276.19341584537926
2b849e71ada03a262ef4338a7abd8b79,6,629.4000000000001,104.90000000000002,0.00028312570781426955,1.3214995973463124,138.6253077616282
668b1e2b9471f837ba1797832e3f2012,6,219.39999999999998,36.56666666666666,0.00028312570781426955,1.3214995973463124,48.32283527629682
67e927f7378303fc91ee4c3fc301bf5a,6,474.3,79.05,0.00028312570781426955,1.3214995973463124,104.464543170226
683647534fe73616ae97d91a6ef253f4,6,330.0,55.0,0.00028312570781426955,1.3214995973463124,72.68247785404718
9c8d6227bbe62913ca96217005540fda,6,354.4,59.06666666666666,0.00028312570781426955,1.3214995973463124,78.05657621658885
6a1234a3847f4ef3090a02a8b07fa42f,6,173.94,28.99,0.00028312570781426955,1.3214995973463124,38.310273327069595
f9b0ee95ce8b1ef8b50eecc5e0fa4348,6,163.56,27.26,0.00028312570781426955,1.3214995973463124,36.02407902366048
6c50c87e36d8641d67fbcceed5cfec5e,6,330.0,55.0,0.00028312570781426955,1.3214995973463124,72.68247785404718
ec2d43cc59763ec91694573b31f1c29a,6,287.4,47.9,0.00028312570781426955,1.3214995973463124,63.299830712888365
1a080577618e7fe4d9ddd8fb2b47a964,6,3205.0,534.1666666666666,0.00028312570781426955,1.3214995973463124,705.9010349158218
cd360a9f341f57c25699dbac377f5efd,6,145.98,24.33,0.00028312570781426955,1.3214995973463124,32.15208520343578
cd46fbff1f4a0d9b923f70e332add4b5,6,906.64,151.10666666666665,0.00028312570781426955,1.3214995973463124,199.68739915634342
5c6a3e484e7aebf406c2045718dea406,6,539.4000000000001,89.90000000000002,0.00028312570781426955,1.3214995973463124,118.80281380143352
fc7138a8f96aee8302e42916bbbbb818,6,87.0,14.5,0.00028312570781426955,1.3214995973463124,19.16174416152153
7b44e5ea770ef06810f5df89006cc8b2,6,537.4000000000001,89.56666666666668,0.00028312570781426955,1.3214995973463124,118.3623139356514
7bb755757b4b21a1abc9cc6e9991a8ad,6,88.4,14.733333333333334,0.00028312570781426955,1.3214995973463124,19.470094067569004
43423cdffde7fda63d0414ed38c11a73,6,448.02,74.67,0.00028312570781426955,1.3214995973463124,98.67637493384915
0a407038cdb51df51fa8d01c54fa05f0,6,704.5,117.41666666666667,0.00028312570781426955,1.3214995973463124,155.16607772174618
9ada4c8f4e072df42ff63b30520b6975,6,909.8,151.63333333333333,0.00028312570781426955,1.3214995973463124,200.38338894427915
9af7b4a3262141c12ba9bd489a8573c7,6,289.4,48.23333333333333,0.00028312570781426955,1.3214995973463124,63.74033057867046
3360da0bdc5e96e78beaade20beeefa4,6,119.94,19.99,0.00028312570781426955,1.3214995973463124,26.416776950952784
2daba1ba2b585317701770c97f0a3c0b,6,87.0,14.5,0.00028312570781426955,1.3214995973463124,19.16174416152153
a8fd2715c837d04bac16cf90155919f8,6,345.0,57.5,0.00028312570781426955,1.3214995973463124,75.98622684741296
a91c1a94d83d36316c44e00e738607b1,6,540.0,90.0,0.00028312570781426955,1.3214995973463124,118.93496376116812
7c1ac37ea884ec9c46ebf155ffc53d50,6,240.95999999999998,40.16,0.00028312570781426955,1.3214995973463124,53.0714238294279
7c1e2b3fa0233e46fb3bcdcb9919a72f,6,660.0,110.0,0.00028312570781426955,1.3214995973463124,145.36495570809436
7d50930301709838d8e90dcac5cfaa84,6,359.4,59.9,0.00028312570781426955,1.3214995973463124,79.1578258810441
1b2066a33aee5851ee3e44b10b36b3c8,6,125.34,20.89,0.00028312570781426955,1.3214995973463124,27.606126588564468
1a96bfd3ef9221f2775d1eccd98a7f17,6,137.39999999999998,22.899999999999995,0.00028312570781426955,1.3214995973463124,30.26234077923055
cc5c6bf704a4b642e8964b5b2dcdb0da,6,203.39999999999998,33.9,0.00028312570781426955,1.3214995973463124,44.79883635003999
c7fd13b5e515bffdab855d0812842edb,6,240.0,40.0,0.00028312570781426955,1.3214995973463124,52.859983893852494
1cab19d5be9a1286428e85aaebf82906,6,486.0,81.0,0.00028312570781426955,1.3214995973463124,107.0414673850513
1c6771d60124b84ada98e8f67ba111db,6,23.88,3.98,0.00028312570781426955,1.3214995973463124,5.259568397438323
ca8b9b8192b5fd79de43cf6480c6cdeb,6,215.39999999999998,35.9,0.00028312570781426955,1.3214995973463124,47.44183554473261
423b46d7ff817b1cd19ab195c7b76546,6,330.0,55.0,0.00028312570781426955,1.3214995973463124,72.68247785404718
0d43f8d3ba891d985e8087bf048d3f85,6,85.58,14.263333333333334,0.00028312570781426955,1.3214995973463124,18.848989256816235
ac0bb4405e9661957160dd5ee9d5585c,6,746.6700000000001,124.44500000000001,0.00028312570781426955,1.3214995973463124,164.45401739176185
ac1ad58efc1ebf66bfadc09f29bdedc0,6,29.400000000000002,4.9,0.00028312570781426955,1.3214995973463124,6.475348026996931
ac44def10e24998cdee20a208d691127,6,539.4000000000001,89.90000000000002,0.00028312570781426955,1.3214995973463124,118.80281380143352
0dce093fc7ec4dec214256df878e3c08,6,870.0,145.0,0.00028312570781426955,1.3214995973463124,191.61744161521528
ac8d637154b9a2717786c0f933d4c7da,6,489.93999999999994,81.65666666666665,0.00028312570781426955,1.3214995973463124,107.90925212064202
acc444eb5ad26f79d5a11baa6a03c439,6,720.0,120.0,0.00028312570781426955,1.3214995973463124,158.57995168155747
97f1396a5a1f7c07ba51784efdec44b8,6,960.0,160.0,0.00028312570781426955,1.3214995973463124,211.43993557540998
98a4301b1aacd45984603af55b7a1de4,6,318.0,53.0,0.00028312570781426955,1.3214995973463124,70.03947865935456
995e25d9b46dee183004994645768d95,6,240.0,40.0,0.00028312570781426955,1.3214995973463124,52.859983893852494
70bf4f61950297cf24e18a9b84c3208a,6,113.69999999999999,18.95,0.00028312570781426955,1.3214995973463124,25.04241736971262
052413504e5295cd66ec4ced0b310062,6,924.4000000000001,154.0666666666667,0.00028312570781426955,1.3214995973463124,203.59903796448856
f8a7665279f140d238371c8e7604c204,6,150.0,25.0,0.00028312570781426955,1.3214995973463124,33.03748993365781
71a7800a633691de8ecdd17463335e2e,6,437.40000000000003,72.9,0.00028312570781426955,1.3214995973463124,96.33732064654617
e1c6e79822274bf6763eb127ea3a15ed,6,288.0,48.0,0.00028312570781426955,1.3214995973463124,63.431980672623
